{
  "offset": [
    -298247.744,
    -944132.992
  ],
  "scale": [
    83.008,
    83.008
  ],
  "center": [
    557108.192,
    237734.9119999999
  ],
  "min": [
    -298247.744,
    -944132.992
  ],
  "max": [
    1412464.128,
    1419602.8159999996
  ]
}