{
  "offset": [
    -95708.224,
    -56362.43199999999
  ],
  "scale": [
    83.008,
    83.008
  ],
  "center": [
    -10998.560000000012,
    44990.336
  ],
  "min": [
    -95708.224,
    -56362.43199999999
  ],
  "max": [
    73711.10399999998,
    146343.104
  ]
}