{
  "offset": [
    151738.62399999998,
    -70805.824
  ],
  "scale": [
    83.008,
    83.008
  ],
  "center": [
    222170.91199999998,
    14484.896000000008
  ],
  "min": [
    151738.62399999998,
    -70805.824
  ],
  "max": [
    292603.19999999995,
    99775.61600000001
  ]
}