{
  "offset": [
    -153232.76799999998,
    -143686.848
  ],
  "scale": [
    83.008,
    83.008
  ],
  "center": [
    -954.5920000000042,
    9130.880000000005
  ],
  "min": [
    -153232.76799999998,
    -143686.848
  ],
  "max": [
    151323.58399999997,
    161948.608
  ]
}