{
  "offset": [
    -587613.632,
    -151572.60799999998
  ],
  "scale": [
    83.008,
    83.008
  ],
  "center": [
    -61550.43200000003,
    159458.368
  ],
  "min": [
    -587613.632,
    -151572.60799999998
  ],
  "max": [
    464512.7679999999,
    470489.3439999999
  ]
}