{
  "offset": [
    -552335.232,
    -1085412.608
  ],
  "scale": [
    83.008,
    83.008
  ],
  "center": [
    -139536.44799999997,
    -674024.96
  ],
  "min": [
    -552335.232,
    -1085412.608
  ],
  "max": [
    273262.336,
    -262637.31200000003
  ]
}