{
  "offset": [
    -119531.51999999999,
    -138789.376
  ],
  "scale": [
    83.008,
    83.008
  ],
  "center": [
    45405.37599999999,
    16643.103999999992
  ],
  "min": [
    -119531.51999999999,
    -138789.376
  ],
  "max": [
    210342.27199999997,
    172075.58399999997
  ]
}