{
  "offset": [
    -77778.496,
    -81181.824
  ],
  "scale": [
    83.008,
    83.008
  ],
  "center": [
    3361.8239999999932,
    0.0
  ],
  "min": [
    -77778.496,
    -81181.824
  ],
  "max": [
    84502.14399999999,
    81181.824
  ]
}